{"name": "Pembagian_administratif", "id": 70757, "predecessors": [{"name": "Geografi", "id": 8558}, {"name": "Pemerintahan", "id": 47711}], "successors": [{"name": "Negara", "id": 14449}, {"name": "Desa", "id": 69810}, {"name": "Kelurahan", "id": 264496}, {"name": "Wilayah_administratif_tingkat_satu", "id": 308742}, {"name": "Negeri_di_Kabupaten_Maluku_Tengah", "id": 3390016}, {"name": "Pembagian_administratif_Prancis", "id": 84521}, {"name": "Pembagian_administratif_Indonesia", "id": 84525}, {"name": "Pembagian_administratif_Amerika_Serikat", "id": 84528}, {"name": "Pembagian_administratif_Spanyol", "id": 109327}, {"name": "Provinsi_menurut_negara", "id": 244268}, {"name": "Region_menurut_negara", "id": 302184}, {"name": "Distrik_menurut_negara", "id": 303881}, {"name": "Pembagian_administratif_Brasil", "id": 384155}, {"name": "Daftar_kecamatan_dan_kelurahan_di_Indonesia", "id": 1002389}, {"name": "Kecamatan_Ngawi", "id": 3827915}, {"name": "Prefektur_di_Afrika_Tengah", "id": 99946}, {"name": "Prefektur_di_Jepang", "id": 747141}, {"name": "Negara_bagian_di_Brasil", "id": 48178}, {"name": "Negara_bagian_di_Sudan", "id": 49852}, {"name": "Negara_bagian_di_Meksiko", "id": 50258}, {"name": "Negara_bagian_di_Nigeria", "id": 149880}, {"name": "Negara_bagian_di_Jerman", "id": 746752}, {"name": "Negara_bagian_dan_wilayah_di_India", "id": 747143}, {"name": "Negara_bagian_di_Amerika_Serikat", "id": 747527}, {"name": "Negara_bagian_di_Palau", "id": 951940}, {"name": "Austria_Hilir", "id": 303876}, {"name": "Paroki_di_Jamaika", "id": 2045477}, {"name": "Paroki_di_Saint_Kitts_dan_Nevis", "id": 2816285}, {"name": "Kota_di_Argentina", "id": 48287}, {"name": "Provinsi_di_Argentina", "id": 604189}, {"name": "Departemen_di_Guatemala", "id": 644970}, {"name": "County_di_Kenya", "id": 2816013}, {"name": "Kota_di_Lituania", "id": 48072}, {"name": "Dewan_lokal_di_Malta", "id": 2816524}, {"name": "Kota_di_Mesir", "id": 48094}, {"name": "Kegubernuran_di_Mesir", "id": 775974}, {"name": "Kota_di_Republik_Irlandia", "id": 48832}, {"name": "County_di_Republik_Irlandia", "id": 311563}, {"name": "Kota_di_Selandia_Baru", "id": 47563}, {"name": "Kota_di_Slovenia", "id": 51906}, {"name": "Munisipalitas_di_Slovenia", "id": 2816535}, {"name": "Provinsi_di_Uzbekistan", "id": 604230}, {"name": "Kota_di_Yunani", "id": 47436}, {"name": "Kota_di_Kazakhstan", "id": 47119}, {"name": "Provinsi_di_Kazakhstan", "id": 603931}, {"name": "Gampong_di_Indonesia", "id": 132418}, {"name": "Nagari_di_Indonesia", "id": 146583}, {"name": "Kampung_di_Indonesia", "id": 130190}, {"name": "Daftar_munisipalitas_di_Spanyol", "id": 599648}, {"name": "Komune_di_Prancis", "id": 218420}, {"name": "Munisipalitas_di_Spanyol", "id": 599649}, {"name": "Munisipalitas_di_Filipina", "id": 736687}, {"name": "Munisipalitas_di_Denmark", "id": 1040568}, {"name": "Munisipalitas_di_Brasil", "id": 1458296}, {"name": "Munisipalitas_di_Tanjung_Verde", "id": 2816226}, {"name": "Munisipalitas_di_Islandia", "id": 2816512}, {"name": "Munisipalitas_di_Latvia", "id": 2816516}, {"name": "Munisipalitas_di_Makedonia_Utara", "id": 2816522}, {"name": "Munisipalitas_di_Montenegro", "id": 2816526}, {"name": "Munisipalitas_di_Kepulauan_Marshall", "id": 2816567}, {"name": "Komune_di_provinsi_Mantova", "id": 603037}, {"name": "Komune_di_Provinsi_Alessandria", "id": 603040}, {"name": "Komune_di_Provinsi_Asti", "id": 603042}, {"name": "Komune_di_provinsi_Biella", "id": 603043}, {"name": "Komune_di_provinsi_Cuneo", "id": 603044}, {"name": "Komune_di_provinsi_Ferrara", "id": 603054}, {"name": "Komune_di_provinsi_Monza_dan_Brianza", "id": 603058}, {"name": "Komune_di_provinsi_Modena", "id": 603059}, {"name": "Komune_di_provinsi_Novara", "id": 603063}, {"name": "Komune_di_provinsi_Napoli", "id": 603064}, {"name": "Komune_di_provinsi_Perugia", "id": 603068}, {"name": "Komune_di_provinsi_Brescia", "id": 603071}, {"name": "Komune_di_provinsi_Sondrio", "id": 603072}, {"name": "Komune_di_provinsi_Torino", "id": 603074}, {"name": "Komune_di_provinsi_Trento", "id": 603078}, {"name": "Komune_di_provinsi_Varese", "id": 603079}, {"name": "Komune_di_provinsi_Vercelli", "id": 603080}, {"name": "Komune_di_provinsi_Massa-Carrara", "id": 603089}, {"name": "Komune_di_provinsi_Terni", "id": 603221}, {"name": "Komune_di_Provinsi_Ancona", "id": 603263}, {"name": "Komune_di_Provinsi_Agrigento", "id": 603269}, {"name": "Komune_di_provinsi_Padova", "id": 603292}, {"name": "Komune_di_provinsi_Oristano", "id": 603293}, {"name": "Komune_di_provinsi_Salerno", "id": 603303}, {"name": "Komune_di_provinsi_Sassari", "id": 603304}, {"name": "Komune_di_provinsi_Gorizia", "id": 603377}, {"name": "Komune_di_provinsi_Udine", "id": 603393}, {"name": "Komune_di_provinsi_Nuoro", "id": 603644}, {"name": "Komune_di_provinsi_Belluno", "id": 603754}, {"name": "Komune_di_Provinsi_Avellino", "id": 603793}, {"name": "Komune_di_provinsi_Caserta", "id": 603798}, {"name": "Komune_di_provinsi_Pordenone", "id": 603811}, {"name": "Komune_di_provinsi_Benevento", "id": 751452}, {"name": "Komune_di_provinsi_Sardinia_Selatan", "id": 2793061}, {"name": "Kabupaten_di_Indonesia", "id": 47377}, {"name": "Kota_di_Indonesia", "id": 47620}, {"name": "Departemen_di_Prancis", "id": 331232}, {"name": "Provinsi_di_Italia", "id": 603921}, {"name": "Provinsi_di_Spanyol", "id": 603946}, {"name": "Distrik_di_Albania", "id": 604110}, {"name": "Distrik_di_Malawi", "id": 604121}, {"name": "Distrik_di_Austria", "id": 604122}, {"name": "County_di_Islandia", "id": 723901}, {"name": "Distrik_di_Jerman", "id": 757513}, {"name": "Distrik_di_Sri_Lanka", "id": 2612331}, {"name": "Distrik_di_Afrika_Selatan", "id": 2813885}, {"name": "Provinsi_di_Burkina_Faso", "id": 2815095}, {"name": "Distrik_di_India", "id": 604124}, {"name": "Gmina_di_Polandia", "id": 2487416}, {"name": "Kabupaten_di_Kroasia", "id": 118340}, {"name": "County_di_Estonia", "id": 311562}, {"name": "County_di_Rumania", "id": 311565}, {"name": "County_di_Swedia", "id": 311566}, {"name": "County_di_Liberia", "id": 2816204}, {"name": "County_di_Alabama", "id": 357058}, {"name": "County_di_Texas", "id": 701462}, {"name": "County_di_Maryland", "id": 1554768}, {"name": "County_di_Wyoming", "id": 4261040}, {"name": "Paradise,_Nevada", "id": 286252}, {"name": "Las_Vegas_Strip", "id": 286250}, {"name": "County_di_Inggris", "id": 311557}, {"name": "Kelurahan_di_Indonesia", "id": 54007}, {"name": "Pekon_di_Indonesia", "id": 597603}, {"name": "Lembang_di_Indonesia", "id": 650607}, {"name": "Dusun_di_Indonesia", "id": 678674}, {"name": "Nagori_di_Indonesia", "id": 778173}, {"name": "Desa_di_Polandia", "id": 2485348}, {"name": "Tiyuh_di_Indonesia", "id": 4071957}, {"name": "Kute_di_Indonesia", "id": 4179419}, {"name": "Kampong_di_Indonesia", "id": 4182228}, {"name": "Rintisan_negeri_di_Indonesia", "id": 4194019}, {"name": "Negeri_di_Indonesia", "id": 4194020}, {"name": "Munisipalitas_di_Daerah_Ibu_Kota_Brussel", "id": 605021}, {"name": "Kegubernuran_di_Tunisia", "id": 746762}, {"name": "Kegubernuran_di_Suriah", "id": 775973}, {"name": "Kegubernuran_di_Irak", "id": 803408}, {"name": "Kegubernuran_di_Yaman", "id": 903479}, {"name": "Kota_di_County_Los_Angeles,_California", "id": 1051030}, {"name": "Negara_Tiongkok_Kuno", "id": 2477939}, {"name": "Departemen_di_Paraguay", "id": 114637}, {"name": "Departemen_di_Uruguay", "id": 115105}, {"name": "Departemen_di_Kolombia", "id": 118297}, {"name": "Departemen_di_Nikaragua", "id": 132432}, {"name": "Departemen_di_Honduras", "id": 133299}, {"name": "Departemen_di_El_Salvador", "id": 2813956}, {"name": "Arondisemen_menurut_departemen_di_Prancis", "id": 268091}, {"name": "Kanton_di_Swiss", "id": 201757}, {"name": "Rintisan_nagori_di_Indonesia", "id": 3966017}, {"name": "Keresidenan_di_Hindia_Belanda", "id": 194618}, {"name": "Tiyuh_di_Lampung", "id": 4179432}, {"name": "Rintisan_kute_di_Indonesia", "id": 4179149}, {"name": "Kute_di_Aceh", "id": 4179426}, {"name": "Kampung_di_Aceh", "id": 4181408}]}